"","Treatment","Kingdom","Phylum","Class","Order","Family","Genus","Species","Abundance","Prevalence"
"1","untreated","Fungi","Ascomycota","Dothideomycetes","Dothideales","Saccotheciaceae","Aureobasidium","Aureobasidium_pullulans",205,7
"2","untreated","Fungi","Ascomycota","Dothideomycetes","Mycosphaerellales","Teratosphaeriaceae","Elasticomyces","Elasticomyces_elasticus",15,1
"3","untreated","Fungi","Ascomycota","Dothideomycetes","Pleosporales","Cucurbitariaceae","Pyrenochaetopsis","Pyrenochaetopsis_decipiens",7,1
"4","untreated","Fungi","Ascomycota","Dothideomycetes","Pleosporales","Didymellaceae","Neoascochyta","Neoascochyta_europaea",31,4
"5","untreated","Fungi","Ascomycota","Dothideomycetes","Pleosporales","Didymosphaeriaceae","Pseudopithomyces","Pseudopithomyces_rosae",68,5
"6","untreated","Fungi","Ascomycota","Dothideomycetes","Pleosporales","Leptosphaeriaceae","Leptosphaeria","Leptosphaeria_sclerotioides",32,4
"7","untreated","Fungi","Ascomycota","Dothideomycetes","Pleosporales","Lophiostomataceae","Lophiostoma","Lophiostoma_scrophulariicola",827,11
"8","untreated","Fungi","Ascomycota","Dothideomycetes","Pleosporales","Phaeosphaeriaceae","Paraphoma","Paraphoma_fimeti",190,7
"9","untreated","Fungi","Ascomycota","Dothideomycetes","Pleosporales","Phaeosphaeriaceae","Paraphoma","Paraphoma_ledniceana",1713,12
"10","untreated","Fungi","Ascomycota","Dothideomycetes","Pleosporales","Phaeosphaeriaceae","Phaeosphaeria","Phaeosphaeria_tofieldiae",8,1
"11","untreated","Fungi","Ascomycota","Dothideomycetes","Pleosporales","Phaeosphaeriaceae","Septoriella","Septoriella_hirta",509,11
"12","untreated","Fungi","Ascomycota","Dothideomycetes","Pleosporales","Pleosporaceae","Alternaria","Alternaria_chlamydosporigena",127,4
"13","untreated","Fungi","Ascomycota","Dothideomycetes","Pleosporales","Pleosporaceae","Alternaria","Alternaria_lolii",44,1
"14","untreated","Fungi","Ascomycota","Dothideomycetes","Pleosporales","Pleosporaceae","Alternaria","Alternaria_metachromatica",262,6
"15","untreated","Fungi","Ascomycota","Dothideomycetes","Pleosporales","Pleosporaceae","Alternaria","Alternaria_prunicola",2249,12
"16","untreated","Fungi","Ascomycota","Dothideomycetes","Pleosporales","Pleosporaceae","Comoclathris","Comoclathris_rosigena",21,1
"17","untreated","Fungi","Ascomycota","Dothideomycetes","Pleosporales","Pleosporaceae","Edenia","Edenia_gomezpompae",116,6
"18","untreated","Fungi","Ascomycota","Dothideomycetes","Pleosporales","Pleosporaceae","Pyrenophora","Pyrenophora_sieglingiae",13,2
"19","untreated","Fungi","Ascomycota","Dothideomycetes","Pleosporales","Pleosporales_fam_Incertae_sedis","Chalastospora","Chalastospora_gossypii",901,9
"20","untreated","Fungi","Ascomycota","Dothideomycetes","Pleosporales","Pseudolophiotremataceae","Pseudolophiotrema","Pseudolophiotrema_elymicola",27,2
"21","untreated","Fungi","Ascomycota","Dothideomycetes","Pleosporales","Sporormiaceae","Preussia","Preussia_flanaganii",1291,12
"22","untreated","Fungi","Ascomycota","Dothideomycetes","Pleosporales","Sporormiaceae","Preussia","Preussia_terricola",55,3
"23","untreated","Fungi","Ascomycota","Dothideomycetes","Pleosporales","Sporormiaceae","Sporormiella","Sporormiella_intermedia",12,2
"24","untreated","Fungi","Ascomycota","Eurotiomycetes","Chaetothyriales","Herpotrichiellaceae","Cladophialophora","Cladophialophora_chaetospira",201,4
"25","untreated","Fungi","Ascomycota","Eurotiomycetes","Chaetothyriales","Herpotrichiellaceae","Exophiala","Exophiala_crusticola",1686,12
"26","untreated","Fungi","Ascomycota","Eurotiomycetes","Chaetothyriales","Herpotrichiellaceae","Exophiala","Exophiala_equina",83,1
"27","untreated","Fungi","Ascomycota","Eurotiomycetes","Chaetothyriales","Herpotrichiellaceae","Exophiala","Exophiala_opportunistica",128,2
"28","untreated","Fungi","Ascomycota","Eurotiomycetes","Chaetothyriales","Trichomeriaceae","Knufia","Knufia_peltigerae",19,1
"29","untreated","Fungi","Ascomycota","Eurotiomycetes","Chaetothyriales","Trichomeriaceae","Knufia","Knufia_tsunedae",3219,12
"30","untreated","Fungi","Ascomycota","Eurotiomycetes","Eurotiales","Trichocomaceae","Sagenomella","Sagenomella_oligospora",142,7
"31","untreated","Fungi","Ascomycota","Eurotiomycetes","Onygenales","Gymnoascaceae","Arachniotus","Arachniotus_hebridensis",80,2
"32","untreated","Fungi","Ascomycota","Eurotiomycetes","Onygenales","Gymnoascaceae","Gymnoascus","Gymnoascus_reessii",19,2
"33","untreated","Fungi","Ascomycota","Eurotiomycetes","Onygenales","Onygenaceae","Chrysosporium","Chrysosporium_lobatum",167,4
"34","untreated","Fungi","Ascomycota","Leotiomycetes","Helotiales","Dermateaceae","Trichosporiella","Trichosporiella_multisporum",49,3
"35","untreated","Fungi","Ascomycota","Leotiomycetes","Helotiales","Helotiaceae","Glarea","Glarea_lozoyensis",1470,12
"36","untreated","Fungi","Ascomycota","Leotiomycetes","Helotiales","Vandijckellaceae","Vandijckella","Vandijckella_johannae",84,5
"37","untreated","Fungi","Ascomycota","Orbiliomycetes","Orbiliales","Orbiliaceae","Hyalorbilia","Hyalorbilia_leguminacea",22,4
"38","untreated","Fungi","Ascomycota","Sordariomycetes","Atractosporales","Conlariaceae","Conlarium","Conlarium_sacchari",15,2
"39","untreated","Fungi","Ascomycota","Sordariomycetes","Chaetosphaeriales","Chaetosphaeriaceae","Chloridium","Chloridium_aseptatum",1989,12
"40","untreated","Fungi","Ascomycota","Sordariomycetes","Glomerellales","Plectosphaerellaceae","Acrostalagmus","Acrostalagmus_luteoalbus",111,5
"41","untreated","Fungi","Ascomycota","Sordariomycetes","Glomerellales","Plectosphaerellaceae","Furcasterigmium","Furcasterigmium_furcatum",995,11
"42","untreated","Fungi","Ascomycota","Sordariomycetes","Glomerellales","Plectosphaerellaceae","Gibellulopsis","Gibellulopsis_nigrescens",6083,12
"43","untreated","Fungi","Ascomycota","Sordariomycetes","Glomerellales","Plectosphaerellaceae","Gibellulopsis","Gibellulopsis_piscis",82,2
"44","untreated","Fungi","Ascomycota","Sordariomycetes","Hypocreales","Clavicipitaceae","Marquandomyces","Marquandomyces_marquandii",2718,11
"45","untreated","Fungi","Ascomycota","Sordariomycetes","Hypocreales","Clavicipitaceae","Metarhizium","Metarhizium_anisopliae",314,10
"46","untreated","Fungi","Ascomycota","Sordariomycetes","Hypocreales","Hypocreales_fam_Incertae_sedis","Acremonium","Acremonium_persicinum",2169,8
"47","untreated","Fungi","Ascomycota","Sordariomycetes","Hypocreales","Hypocreales_fam_Incertae_sedis","Acremonium","Acremonium_rutilum",22,1
"48","untreated","Fungi","Ascomycota","Sordariomycetes","Hypocreales","Nectriaceae","Fusarium","Fusarium_equiseti",6326,10
"49","untreated","Fungi","Ascomycota","Sordariomycetes","Hypocreales","Nectriaceae","Fusarium","Fusarium_lunatum",46,2
"50","untreated","Fungi","Ascomycota","Sordariomycetes","Hypocreales","Nectriaceae","Fusarium","Fusarium_nirenbergiae",114,1
"51","untreated","Fungi","Ascomycota","Sordariomycetes","Hypocreales","Nectriaceae","Fusarium","Fusarium_tricinctum",8212,12
"52","untreated","Fungi","Ascomycota","Sordariomycetes","Microascales","Microascaceae","Cephalotrichum","Cephalotrichum_stemonitis",66,2
"53","untreated","Fungi","Ascomycota","Sordariomycetes","Ophiostomatales","Ophiostomataceae","Sporothrix","Sporothrix_sclerotialis",1122,12
"54","untreated","Fungi","Basidiomycota","Agaricomycetes","Agaricales","Agaricaceae","Leucoagaricus","Leucoagaricus_leucothites",752,12
"55","untreated","Fungi","Basidiomycota","Agaricomycetes","Agaricales","Lycoperdaceae","Lycoperdon","Lycoperdon_pratense",9,1
"56","untreated","Fungi","Basidiomycota","Agaricomycetes","Agaricales","Marasmiaceae","Marasmius","Marasmius_leucorotalis",18,1
"57","untreated","Fungi","Basidiomycota","Agaricomycetes","Agaricales","Marasmiaceae","Marasmius","Marasmius_nigrobrunneus",21,3
"58","untreated","Fungi","Basidiomycota","Agaricomycetes","Agaricales","Nidulariaceae","Cyathus","Cyathus_olla",245,11
"59","untreated","Fungi","Basidiomycota","Agaricomycetes","Agaricales","Psathyrellaceae","Coprinellus","Coprinellus_deminutus",20,1
"60","untreated","Fungi","Basidiomycota","Agaricomycetes","Agaricales","Psathyrellaceae","Coprinopsis","Coprinopsis_friesii",37,3
"61","untreated","Fungi","Basidiomycota","Agaricomycetes","Agaricales","Strophariaceae","Agrocybe","Agrocybe_pediades",230,9
"62","untreated","Fungi","Basidiomycota","Agaricomycetes","Agaricales","Strophariaceae","Deconica","Deconica_crobula",190,7
"63","untreated","Fungi","Basidiomycota","Agaricomycetes","Boletales","Coniophoraceae","Coniophora","Coniophora_eremophila",434,10
"64","untreated","Fungi","Basidiomycota","Agaricomycetes","Cantharellales","Hydnaceae","Minimedusa","Minimedusa_polyspora",115,6
"65","untreated","Fungi","Basidiomycota","Agaricomycetes","Corticiales","Corticiaceae","Waitea","Waitea_arvalis",38,3
"66","untreated","Fungi","Basidiomycota","Agaricomycetes","Hymenochaetales","Tubulicrinaceae","Butlerelfia","Butlerelfia_eustacei",6,1
"67","untreated","Fungi","Basidiomycota","Agaricomycetes","Polyporales","Hyphodermataceae","Hyphoderma","Hyphoderma_obtusiforme",80,5
"68","untreated","Fungi","Basidiomycota","Agaricomycetes","Sebacinales","Serendipitaceae","Serendipita","Serendipita_indica",8,1
"69","untreated","Fungi","Basidiomycota","Cystobasidiomycetes","Cystobasidiales","Cystobasidiaceae","Cystobasidium","Cystobasidium_lysinophilum",52,3
"70","untreated","Fungi","Basidiomycota","Cystobasidiomycetes","Cystobasidiales","Cystobasidiaceae","Cystobasidium","Cystobasidium_pinicola",204,11
"71","untreated","Fungi","Basidiomycota","Cystobasidiomycetes","Cystobasidiales","Cystobasidiaceae","Cystobasidium","Cystobasidium_psychroaquaticum",88,7
"72","untreated","Fungi","Basidiomycota","Cystobasidiomycetes","Cystobasidiales","Cystobasidiaceae","Occultifur","Occultifur_kilbournensis",13,1
"73","untreated","Fungi","Basidiomycota","Microbotryomycetes","Sporidiobolales","Sporidiobolaceae","Rhodotorula","Rhodotorula_kratochvilovae",20,3
"74","untreated","Fungi","Basidiomycota","Tremellomycetes","Cystofilobasidiales","Cystofilobasidiaceae","Cystofilobasidium","Cystofilobasidium_macerans",249,10
"75","untreated","Fungi","Basidiomycota","Tremellomycetes","Cystofilobasidiales","Mrakiaceae","Mrakia","Mrakia_montana",28,3
"76","untreated","Fungi","Basidiomycota","Tremellomycetes","Cystofilobasidiales","Mrakiaceae","Tausonia","Tausonia_pullulans",1381,12
"77","untreated","Fungi","Basidiomycota","Tremellomycetes","Filobasidiales","Filobasidiaceae","Filobasidium","Filobasidium_chernovii",29,2
"78","untreated","Fungi","Basidiomycota","Tremellomycetes","Filobasidiales","Filobasidiaceae","Naganishia","Naganishia_albida",5725,12
"79","untreated","Fungi","Basidiomycota","Tremellomycetes","Filobasidiales","Filobasidiaceae","Naganishia","Naganishia_globosa",4123,12
"80","untreated","Fungi","Basidiomycota","Tremellomycetes","Filobasidiales","Filobasidiaceae","Naganishia","Naganishia_randhawae",126,4
"81","untreated","Fungi","Basidiomycota","Tremellomycetes","Filobasidiales","Piskurozymaceae","Solicoccozyma","Solicoccozyma_fuscescens",37756,12
"82","untreated","Fungi","Basidiomycota","Tremellomycetes","Tremellales","Bulleribasidiaceae","Vishniacozyma","Vishniacozyma_dimennae",281,11
"83","untreated","Fungi","Basidiomycota","Tremellomycetes","Tremellales","Bulleribasidiaceae","Vishniacozyma","Vishniacozyma_tephrensis",18,1
"84","untreated","Fungi","Basidiomycota","Tremellomycetes","Tremellales","Bulleribasidiaceae","Vishniacozyma","Vishniacozyma_victoriae",57,3
"85","untreated","Fungi","Basidiomycota","Tremellomycetes","Tremellales","Cryptococcaceae","Cryptococcus","Cryptococcus_festucosus",8694,12
"86","untreated","Fungi","Basidiomycota","Ustilaginomycetes","Ustilaginales","Ustilaginaceae","Tranzscheliella","Tranzscheliella_hypodytes",6,1
"87","untreated","Fungi","Chytridiomycota","Rhizophlyctidomycetes","Rhizophlyctidales","Rhizophlyctidaceae","Rhizophlyctis","Rhizophlyctis_rosea",5044,12
"88","untreated","Fungi","Chytridiomycota","Spizellomycetes","Spizellomycetales","Powellomycetaceae","Geranomyces","Geranomyces_tanneri",10,1
"89","untreated","Fungi","Chytridiomycota","Spizellomycetes","Spizellomycetales","Powellomycetaceae","Geranomyces","Geranomyces_variabilis",13,2
"90","untreated","Fungi","Chytridiomycota","Spizellomycetes","Spizellomycetales","Powellomycetaceae","Powellomyces","Powellomyces_hirtus",34,3
"91","untreated","Fungi","Chytridiomycota","Spizellomycetes","Spizellomycetales","Spizellomycetaceae","Kochiomyces","Kochiomyces_dichotomus",193,7
"92","untreated","Fungi","Chytridiomycota","Spizellomycetes","Spizellomycetales","Spizellomycetaceae","Spizellomyces","Spizellomyces_lactosolyticus",86,4
"93","untreated","Fungi","Glomeromycota","Glomeromycetes","Glomerales","Glomeraceae","Funneliformis","Funneliformis_mosseae",7,1
"94","untreated","Fungi","Mortierellomycota","Mortierellomycetes","Mortierellales","Mortierellaceae","Linnemannia","Linnemannia_amoeboidea",185,7
"95","untreated","Fungi","Mortierellomycota","Mortierellomycetes","Mortierellales","Mortierellaceae","Linnemannia","Linnemannia_gamsii",43,1
"96","untreated","Fungi","Mortierellomycota","Mortierellomycetes","Mortierellales","Mortierellaceae","Linnemannia","Linnemannia_hyalina",5708,12
"97","untreated","Fungi","Mortierellomycota","Mortierellomycetes","Mortierellales","Mortierellaceae","Mortierella","Mortierella_elongatula",24,1
"98","untreated","Fungi","Mortierellomycota","Mortierellomycetes","Mortierellales","Mortierellaceae","Mortierella","Mortierella_fatshederae",196,9
"99","untreated","Fungi","Mortierellomycota","Mortierellomycetes","Mortierellales","Mortierellaceae","Mortierella","Mortierella_histoplasmatoides",465,9
"100","untreated","Fungi","Mortierellomycota","Mortierellomycetes","Mortierellales","Mortierellaceae","Mortierella","Mortierella_turficola",103,5
"101","untreated","Fungi","Mucoromycota","Mucoromycetes","Mucorales","Cunninghamellaceae","Cunninghamella","Cunninghamella_binariae",27,3
"102","untreated","Fungi","Mucoromycota","Mucoromycetes","Mucorales","Mucoraceae","Actinomucor","Actinomucor_elegans",26,3
"103","untreated","Fungi","Mucoromycota","Mucoromycetes","Mucorales","Mucoraceae","Mucor","Mucor_hiemalis",16,1
"104","untreated","Fungi","Mucoromycota","Mucoromycetes","Mucorales","Rhizopodaceae","Rhizopus","Rhizopus_arrhizus",567,12
"105","DADS_treated","Fungi","Ascomycota","Dothideomycetes","Pleosporales","Neopyrenochaetaceae","Neopyrenochaeta","Neopyrenochaeta_acicola",6,1
"106","DADS_treated","Fungi","Ascomycota","Dothideomycetes","Pleosporales","Phaeosphaeriaceae","Paraphoma","Paraphoma_fimeti",11,1
"107","DADS_treated","Fungi","Ascomycota","Dothideomycetes","Pleosporales","Phaeosphaeriaceae","Septoriella","Septoriella_hirta",119,6
"108","DADS_treated","Fungi","Ascomycota","Dothideomycetes","Pleosporales","Pleosporaceae","Alternaria","Alternaria_chlamydosporigena",763,9
"109","DADS_treated","Fungi","Ascomycota","Dothideomycetes","Pleosporales","Pleosporaceae","Alternaria","Alternaria_prunicola",36,2
"110","DADS_treated","Fungi","Ascomycota","Dothideomycetes","Pleosporales","Pleosporaceae","Curvularia","Curvularia_inaequalis",10,1
"111","DADS_treated","Fungi","Ascomycota","Dothideomycetes","Pleosporales","Pleosporaceae","Edenia","Edenia_gomezpompae",1971,12
"112","DADS_treated","Fungi","Ascomycota","Dothideomycetes","Pleosporales","Pseudopyrenochaetaceae","Pseudopyrenochaeta","Pseudopyrenochaeta_terrestris",6,1
"113","DADS_treated","Fungi","Ascomycota","Dothideomycetes","Pleosporales","Sporormiaceae","Preussia","Preussia_flanaganii",17829,12
"114","DADS_treated","Fungi","Ascomycota","Dothideomycetes","Pleosporales","Sporormiaceae","Preussia","Preussia_terricola",486,10
"115","DADS_treated","Fungi","Ascomycota","Eurotiomycetes","Chaetothyriales","Trichomeriaceae","Bacillicladium","Bacillicladium_lobatum",47,1
"116","DADS_treated","Fungi","Ascomycota","Eurotiomycetes","Eurotiales","Aspergillaceae","Penicillium","Penicillium_canescens",62,4
"117","DADS_treated","Fungi","Ascomycota","Eurotiomycetes","Eurotiales","Aspergillaceae","Talaromyces","Talaromyces_rugulosus",141,6
"118","DADS_treated","Fungi","Ascomycota","Eurotiomycetes","Eurotiales","Aspergillaceae","Talaromyces","Talaromyces_ucrainicus",233,7
"119","DADS_treated","Fungi","Ascomycota","Eurotiomycetes","Eurotiales","Trichocomaceae","Sagenomella","Sagenomella_oligospora",88,5
"120","DADS_treated","Fungi","Ascomycota","Eurotiomycetes","Onygenales","Gymnoascaceae","Gymnoascus","Gymnoascus_reessii",8,1
"121","DADS_treated","Fungi","Ascomycota","Eurotiomycetes","Onygenales","Onygenaceae","Auxarthron","Auxarthron_umbrinum",6,1
"122","DADS_treated","Fungi","Ascomycota","Eurotiomycetes","Onygenales","Onygenaceae","Chrysosporium","Chrysosporium_lobatum",183,5
"123","DADS_treated","Fungi","Ascomycota","Leotiomycetes","Helotiales","Dermateaceae","Trichosporiella","Trichosporiella_multisporum",2116,12
"124","DADS_treated","Fungi","Ascomycota","Leotiomycetes","Helotiales","Helotiaceae","Crocicreas","Crocicreas_pallidum",109,3
"125","DADS_treated","Fungi","Ascomycota","Leotiomycetes","Helotiales","Myxotrichaceae","Oidiodendron","Oidiodendron_tenuissimum",29,2
"126","DADS_treated","Fungi","Ascomycota","Leotiomycetes","Helotiales","Sclerotiniaceae","Stromatinia","Stromatinia_cepivora",1439,10
"127","DADS_treated","Fungi","Ascomycota","Orbiliomycetes","Orbiliales","Orbiliaceae","Hyalorbilia","Hyalorbilia_leguminacea",4,1
"128","DADS_treated","Fungi","Ascomycota","Pezizomycetes","Pezizales","Pyronemataceae","Spooneromyces","Spooneromyces_laeticolor",960,8
"129","DADS_treated","Fungi","Ascomycota","Saccharomycetes","Saccharomycetales","Phaffomycetaceae","Wickerhamomyces","Wickerhamomyces_onychis",249,9
"130","DADS_treated","Fungi","Ascomycota","Saccharomycetes","Saccharomycetales","Saccharomycetales_fam_Incertae_sedis","Candida","Candida_sake",45,6
"131","DADS_treated","Fungi","Ascomycota","Sordariomycetes","Glomerellales","Plectosphaerellaceae","Gibellulopsis","Gibellulopsis_nigrescens",7457,12
"132","DADS_treated","Fungi","Ascomycota","Sordariomycetes","Hypocreales","Clavicipitaceae","Marquandomyces","Marquandomyces_marquandii",140,8
"133","DADS_treated","Fungi","Ascomycota","Sordariomycetes","Hypocreales","Clavicipitaceae","Metarhizium","Metarhizium_anisopliae",26,3
"134","DADS_treated","Fungi","Ascomycota","Sordariomycetes","Hypocreales","Hypocreaceae","Trichoderma","Trichoderma_viride",360,9
"135","DADS_treated","Fungi","Ascomycota","Sordariomycetes","Hypocreales","Nectriaceae","Fusarium","Fusarium_equiseti",1479,9
"136","DADS_treated","Fungi","Ascomycota","Sordariomycetes","Hypocreales","Nectriaceae","Fusarium","Fusarium_graminearum",80,1
"137","DADS_treated","Fungi","Ascomycota","Sordariomycetes","Hypocreales","Nectriaceae","Fusarium","Fusarium_nirenbergiae",203,2
"138","DADS_treated","Fungi","Ascomycota","Sordariomycetes","Hypocreales","Nectriaceae","Fusarium","Fusarium_tricinctum",11765,12
"139","DADS_treated","Fungi","Ascomycota","Sordariomycetes","Microascales","Microascaceae","Gamsia","Gamsia_simplex",230,6
"140","DADS_treated","Fungi","Ascomycota","Sordariomycetes","Ophiostomatales","Ophiostomataceae","Sporothrix","Sporothrix_sclerotialis",1121,12
"141","DADS_treated","Fungi","Ascomycota","Sordariomycetes","Trichosphaeriales","Trichosphaeriaceae","Nigrospora","Nigrospora_oryzae",7,1
"142","DADS_treated","Fungi","Basidiomycota","Agaricomycetes","Agaricales","Pluteaceae","Pluteus","Pluteus_liliputianus",158,8
"143","DADS_treated","Fungi","Basidiomycota","Agaricomycetes","Agaricales","Psathyrellaceae","Coprinellus","Coprinellus_radians",10,1
"144","DADS_treated","Fungi","Basidiomycota","Agaricomycetes","Agaricales","Psathyrellaceae","Psathyrella","Psathyrella_kellermanii",14,1
"145","DADS_treated","Fungi","Basidiomycota","Agaricomycetes","Agaricomycetes_ord_Incertae_sedis","Agaricomycetes_fam_Incertae_sedis","Akenomyces","Akenomyces_costatus",8,1
"146","DADS_treated","Fungi","Basidiomycota","Agaricomycetes","Cantharellales","Hydnaceae","Minimedusa","Minimedusa_polyspora",195,6
"147","DADS_treated","Fungi","Basidiomycota","Agaricomycetes","Corticiales","Corticiaceae","Waitea","Waitea_circinata",27,3
"148","DADS_treated","Fungi","Basidiomycota","Agaricomycetes","Polyporales","Polyporaceae","Polyporus","Polyporus_austroandinus",136,10
"149","DADS_treated","Fungi","Basidiomycota","Agaricostilbomycetes","Agaricostilbales","Chionosphaeraceae","Kurtzmanomyces","Kurtzmanomyces_tardus",73,6
"150","DADS_treated","Fungi","Basidiomycota","Exobasidiomycetes","Tilletiales","Tilletiaceae","Tilletia","Tilletia_puccinelliae",8,1
"151","DADS_treated","Fungi","Basidiomycota","Microbotryomycetes","Leucosporidiales","Leucosporidiaceae","Leucosporidium","Leucosporidium_intermedium",184,10
"152","DADS_treated","Fungi","Basidiomycota","Tremellomycetes","Cystofilobasidiales","Mrakiaceae","Mrakia","Mrakia_blollopis",2899,12
"153","DADS_treated","Fungi","Basidiomycota","Tremellomycetes","Cystofilobasidiales","Mrakiaceae","Tausonia","Tausonia_pullulans",46490,12
"154","DADS_treated","Fungi","Basidiomycota","Tremellomycetes","Filobasidiales","Filobasidiaceae","Naganishia","Naganishia_globosa",18,1
"155","DADS_treated","Fungi","Basidiomycota","Tremellomycetes","Filobasidiales","Filobasidiaceae","Naganishia","Naganishia_randhawae",24,1
"156","DADS_treated","Fungi","Basidiomycota","Tremellomycetes","Filobasidiales","Piskurozymaceae","Solicoccozyma","Solicoccozyma_fuscescens",39121,12
"157","DADS_treated","Fungi","Basidiomycota","Tremellomycetes","Tremellales","Bulleribasidiaceae","Vishniacozyma","Vishniacozyma_victoriae",8,1
"158","DADS_treated","Fungi","Basidiomycota","Tremellomycetes","Tremellales","Cryptococcaceae","Cryptococcus","Cryptococcus_festucosus",145,9
"159","DADS_treated","Fungi","Basidiomycota","Tremellomycetes","Trichosporonales","Trichosporonaceae","Apiotrichum","Apiotrichum_dulcitum",14,2
"160","DADS_treated","Fungi","Basidiomycota","Ustilaginomycetes","Urocystidales","Urocystidaceae","Urocystis","Urocystis_magica",1757,12
"161","DADS_treated","Fungi","Basidiomycota","Ustilaginomycetes","Ustilaginales","Ustilaginaceae","Ustilago","Ustilago_nunavutica",43,3
"162","DADS_treated","Fungi","Chytridiomycota","Rhizophlyctidomycetes","Rhizophlyctidales","Rhizophlyctidaceae","Rhizophlyctis","Rhizophlyctis_rosea",502,11
"163","DADS_treated","Fungi","Chytridiomycota","Spizellomycetes","Spizellomycetales","Powellomycetaceae","Powellomyces","Powellomyces_hirtus",1185,12
"164","DADS_treated","Fungi","Chytridiomycota","Spizellomycetes","Spizellomycetales","Spizellomycetaceae","Spizellomyces","Spizellomyces_lactosolyticus",749,11
"165","DADS_treated","Fungi","Glomeromycota","Glomeromycetes","Glomerales","Glomeraceae","Dominikia","Dominikia_aurea",85,3
"166","DADS_treated","Fungi","Glomeromycota","Glomeromycetes","Glomerales","Glomeraceae","Dominikia","Dominikia_iranica",112,6
"167","DADS_treated","Fungi","Mortierellomycota","Mortierellomycetes","Mortierellales","Mortierellaceae","Linnemannia","Linnemannia_gamsii",5185,12
"168","DADS_treated","Fungi","Mortierellomycota","Mortierellomycetes","Mortierellales","Mortierellaceae","Linnemannia","Linnemannia_hyalina",33729,12
"169","DADS_treated","Fungi","Mortierellomycota","Mortierellomycetes","Mortierellales","Mortierellaceae","Mortierella","Mortierella_histoplasmatoides",910,12
"170","DADS_treated","Fungi","Mortierellomycota","Mortierellomycetes","Mortierellales","Mortierellaceae","Necromortierella","Necromortierella_dichotoma",7,1
"171","DADS_treated","Fungi","Mortierellomycota","Mortierellomycetes","Mortierellales","Mortierellaceae","Podila","Podila_minutissima",1889,12
"172","DADS_treated","Fungi","Mucoromycota","Mucoromycetes","Mucorales","Cunninghamellaceae","Absidia","Absidia_glauca",14,1
"173","DADS_treated","Fungi","Mucoromycota","Mucoromycetes","Mucorales","Mucoraceae","Actinomucor","Actinomucor_elegans",14,2
"174","DADS_treated","Fungi","Mucoromycota","Mucoromycetes","Mucorales","Rhizopodaceae","Rhizopus","Rhizopus_arrhizus",51,6
